,instrument,pred_1d,pred_5d,pred_20d,pred_60d,pred_120d,pred_240d
3967,000001,-0.014884982239114152,0.08470015333328751,0.3505238522302096,1.202996221755648,1.8967156562653902,5.015592047352092
